task_id,task_name,subtask_id,detail_sub_task_name,pic_role
T1.4,Backend: Unified Authentication API (/api/auth),T1.4.1,(DB) Modify the users table schema. Add nullable fields for google_id, facebook_id, and a field for mfa_secret. Create a new SQL migration script for this change.,DB Admin, Backend
T1.4,Backend: Unified Authentication API (/api/auth),T1.4.2,(Backend) Create the POST /api/auth/google endpoint. It must handle the "Upsert" logic: validate the token, find or create a user, and return a JWT for existing users or a mfa_required status for new users.,Backend
T1.4,Backend: Unified Authentication API (/api/auth),T1.4.3,(Backend) Create the POST /api/auth/facebook endpoint with the same "Upsert" logic as the Google endpoint.,Backend
T1.4,Backend: Unified Authentication API (/api/auth),T1.4.4,(Backend) Create the POST /api/auth/email endpoint. It must handle the "Upsert" logic and trigger an OTP email for both new and existing users.,Backend
T1.4,Backend: Unified Authentication API (/api/auth),T1.4.5,(Backend) Create the POST /api/auth/whatsapp endpoint. It must handle the "Upsert" logic and trigger an OTP to WhatsApp for both new and existing users.,Backend
T1.4,Backend: Unified Authentication API (/api/auth),T1.4.6,(Backend) Create the POST /api/auth/verify-otp endpoint to validate OTPs sent via email or WhatsApp.,Backend
T1.4,Backend: Unified Authentication API (/api/auth),T1.4.7,(Backend) Implement the MFA logic: a handler to generate a new MFA secret and QR code for a user, and a POST /api/auth/verify-mfa handler to validate the first token and enable MFA for the user.,Backend
T1.5,Frontend: Unified Authentication Flow UI (/auth),T1.5.1,(Frontend) Refactor the existing LoginPage.jsx into a new, unified AuthPage.jsx at the /auth route. This page will contain all provider options (Google, Facebook, WhatsApp, Email).,Frontend
T1.5,Frontend: Unified Authentication Flow UI (/auth),T1.5.2,(Frontend) Create a new page or modal component for OTP verification (/auth/verify-otp).,Frontend
T1.5,Frontend: Unified Authentication Flow UI (/auth),T1.5.3,(Frontend) Create a new page for MFA setup (/auth/setup-mfa) that displays the QR code from the backend and includes a form to submit the verification token.,Frontend
T1.5,Frontend: Unified Authentication Flow UI (/auth),T1.5.4,(Frontend) Create a new page for role selection (/auth/select-role) that is shown to new users after successful MFA setup.,Frontend
T1.5,Frontend: Unified Authentication Flow UI (/auth),T1.5.5,(Frontend) Update the AuthContext state management to handle the complex, multi-step authentication flow, correctly interpreting responses like login_success and registration_success_mfa_required from the backend to navigate the user to the correct screen.,Frontend
T1.6,Integration: Role-Based Routing & JWT Handling,T1.6.1,(Backend) Ensure the final JWT generated upon successful authentication (for both old and new users) contains the user's id and role in its payload. If the role is not yet set for a new user, this field can be null or empty initially.,Backend
T1.6,Integration: Role-Based Routing & JWT Handling,T1.6.2,(Backend) Create the POST /api/users/me/role endpoint, protected by authentication, for a new user to set their chosen role after MFA setup. This endpoint should then issue a final, complete JWT with the role included.,Backend
T1.6,Integration: Role-Based Routing & JWT Handling,T1.6.3,(Frontend) Implement the final client-side redirection logic. After a complete JWT is received, the application must decode the token, read the role claim, and programmatically navigate the user to their corresponding dashboard (e.g., /guru/dashboard, /siswa/dashboard).,Frontend